MANDT,LIFNR,NAME1,NAME2,LAND1,ORT01,REGIO,KTOKK,STCD1
100,V000001,Synthetic Energy Supplier 01,DEMO DATA,BW,Synthetic City,GP,ZSUP,SYN0000001
100,V000002,Synthetic Energy Supplier 02,DEMO DATA,MZ,Synthetic City,GP,ZSUP,SYN0000002
100,V000003,Synthetic Energy Supplier 03,DEMO DATA,BW,Synthetic City,GP,ZSUP,SYN0000003
100,V000004,Synthetic Energy Supplier 04,DEMO DATA,MZ,Synthetic City,GP,ZSUP,SYN0000004
100,V000005,Synthetic Energy Supplier 05,DEMO DATA,BW,Synthetic City,GP,ZSUP,SYN0000005
100,V000006,Synthetic Energy Supplier 06,DEMO DATA,BW,Synthetic City,GP,ZSUP,SYN0000006
100,V000007,Synthetic Energy Supplier 07,DEMO DATA,BW,Synthetic City,GP,ZSUP,SYN0000007
100,V000008,Synthetic Energy Supplier 08,DEMO DATA,MZ,Synthetic City,GP,ZSUP,SYN0000008
100,V000009,Synthetic Energy Supplier 09,DEMO DATA,BW,Synthetic City,GP,ZSUP,SYN0000009
100,V000010,Synthetic Energy Supplier 10,DEMO DATA,BW,Synthetic City,GP,ZSUP,SYN0000010
100,V000011,Synthetic Energy Supplier 11,DEMO DATA,MZ,Synthetic City,GP,ZSUP,SYN0000011
100,V000012,Synthetic Energy Supplier 12,DEMO DATA,MZ,Synthetic City,GP,ZSUP,SYN0000012
100,V000013,Synthetic Energy Supplier 13,DEMO DATA,ZA,Synthetic City,GP,ZSUP,SYN0000013
100,V000014,Synthetic Energy Supplier 14,DEMO DATA,BW,Synthetic City,GP,ZSUP,SYN0000014
100,V000015,Synthetic Energy Supplier 15,DEMO DATA,BW,Synthetic City,GP,ZSUP,SYN0000015
100,V000016,Synthetic Energy Supplier 16,DEMO DATA,MZ,Synthetic City,GP,ZSUP,SYN0000016
100,V000017,Synthetic Energy Supplier 17,DEMO DATA,BW,Synthetic City,GP,ZSUP,SYN0000017
100,V000018,Synthetic Energy Supplier 18,DEMO DATA,BW,Synthetic City,GP,ZSUP,SYN0000018
100,V000019,Synthetic Energy Supplier 19,DEMO DATA,BW,Synthetic City,GP,ZSUP,SYN0000019
100,V000020,Synthetic Energy Supplier 20,DEMO DATA,ZA,Synthetic City,GP,ZSUP,SYN0000020
100,V000021,Synthetic Energy Supplier 21,DEMO DATA,BW,Synthetic City,GP,ZSUP,SYN0000021
100,V000022,Synthetic Energy Supplier 22,DEMO DATA,MZ,Synthetic City,GP,ZSUP,SYN0000022
100,V000023,Synthetic Energy Supplier 23,DEMO DATA,ZA,Synthetic City,GP,ZSUP,SYN0000023
100,V000024,Synthetic Energy Supplier 24,DEMO DATA,BW,Synthetic City,GP,ZSUP,SYN0000024
100,V000025,Synthetic Energy Supplier 25,DEMO DATA,ZA,Synthetic City,GP,ZSUP,SYN0000025
100,V000026,Synthetic Energy Supplier 26,DEMO DATA,BW,Synthetic City,GP,ZSUP,SYN0000026
100,V000027,Synthetic Energy Supplier 27,DEMO DATA,BW,Synthetic City,GP,ZSUP,SYN0000027
100,V000028,Synthetic Energy Supplier 28,DEMO DATA,ZA,Synthetic City,GP,ZSUP,SYN0000028
100,V000029,Synthetic Energy Supplier 29,DEMO DATA,ZA,Synthetic City,GP,ZSUP,SYN0000029
100,V000030,Synthetic Energy Supplier 30,DEMO DATA,BW,Synthetic City,GP,ZSUP,SYN0000030
100,V000031,Synthetic Energy Supplier 31,DEMO DATA,ZA,Synthetic City,GP,ZSUP,SYN0000031
100,V000032,Synthetic Energy Supplier 32,DEMO DATA,MZ,Synthetic City,GP,ZSUP,SYN0000032
100,V000033,Synthetic Energy Supplier 33,DEMO DATA,ZA,Synthetic City,GP,ZSUP,SYN0000033
100,V000034,Synthetic Energy Supplier 34,DEMO DATA,BW,Synthetic City,GP,ZSUP,SYN0000034
100,V000035,Synthetic Energy Supplier 35,DEMO DATA,BW,Synthetic City,GP,ZSUP,SYN0000035
100,V000036,Synthetic Energy Supplier 36,DEMO DATA,ZA,Synthetic City,GP,ZSUP,SYN0000036
100,V000037,Synthetic Energy Supplier 37,DEMO DATA,MZ,Synthetic City,GP,ZSUP,SYN0000037
100,V000038,Synthetic Energy Supplier 38,DEMO DATA,ZA,Synthetic City,GP,ZSUP,SYN0000038
100,V000039,Synthetic Energy Supplier 39,DEMO DATA,ZA,Synthetic City,GP,ZSUP,SYN0000039
100,V000040,Synthetic Energy Supplier 40,DEMO DATA,ZA,Synthetic City,GP,ZSUP,SYN0000040
