MANDT,KUNNR,NAME1,NAME2,LAND1,ORT01,REGIO,KTOKD,STCD1
100,C000001,Synthetic Electricity Customer 001,DEMO DATA,ZA,Synthetic Municipality,GP,ZCUS,SYNC000001
100,C000002,Synthetic Electricity Customer 002,DEMO DATA,ZA,Synthetic Municipality,GP,ZCUS,SYNC000002
100,C000003,Synthetic Electricity Customer 003,DEMO DATA,ZA,Synthetic Municipality,GP,ZCUS,SYNC000003
100,C000004,Synthetic Electricity Customer 004,DEMO DATA,ZA,Synthetic Municipality,GP,ZCUS,SYNC000004
100,C000005,Synthetic Electricity Customer 005,DEMO DATA,ZA,Synthetic Municipality,GP,ZCUS,SYNC000005
100,C000006,Synthetic Electricity Customer 006,DEMO DATA,ZA,Synthetic Municipality,GP,ZCUS,SYNC000006
100,C000007,Synthetic Electricity Customer 007,DEMO DATA,ZA,Synthetic Municipality,GP,ZCUS,SYNC000007
100,C000008,Synthetic Electricity Customer 008,DEMO DATA,ZA,Synthetic Municipality,GP,ZCUS,SYNC000008
100,C000009,Synthetic Electricity Customer 009,DEMO DATA,ZA,Synthetic Municipality,GP,ZCUS,SYNC000009
100,C000010,Synthetic Electricity Customer 010,DEMO DATA,ZA,Synthetic Municipality,GP,ZCUS,SYNC000010
100,C000011,Synthetic Electricity Customer 011,DEMO DATA,ZA,Synthetic Municipality,GP,ZCUS,SYNC000011
100,C000012,Synthetic Electricity Customer 012,DEMO DATA,ZA,Synthetic Municipality,GP,ZCUS,SYNC000012
100,C000013,Synthetic Electricity Customer 013,DEMO DATA,ZA,Synthetic Municipality,GP,ZCUS,SYNC000013
100,C000014,Synthetic Electricity Customer 014,DEMO DATA,ZA,Synthetic Municipality,GP,ZCUS,SYNC000014
100,C000015,Synthetic Electricity Customer 015,DEMO DATA,ZA,Synthetic Municipality,GP,ZCUS,SYNC000015
100,C000016,Synthetic Electricity Customer 016,DEMO DATA,ZA,Synthetic Municipality,GP,ZCUS,SYNC000016
100,C000017,Synthetic Electricity Customer 017,DEMO DATA,ZA,Synthetic Municipality,GP,ZCUS,SYNC000017
100,C000018,Synthetic Electricity Customer 018,DEMO DATA,ZA,Synthetic Municipality,GP,ZCUS,SYNC000018
100,C000019,Synthetic Electricity Customer 019,DEMO DATA,ZA,Synthetic Municipality,GP,ZCUS,SYNC000019
100,C000020,Synthetic Electricity Customer 020,DEMO DATA,ZA,Synthetic Municipality,GP,ZCUS,SYNC000020
100,C000021,Synthetic Electricity Customer 021,DEMO DATA,ZA,Synthetic Municipality,GP,ZCUS,SYNC000021
100,C000022,Synthetic Electricity Customer 022,DEMO DATA,ZA,Synthetic Municipality,GP,ZCUS,SYNC000022
100,C000023,Synthetic Electricity Customer 023,DEMO DATA,ZA,Synthetic Municipality,GP,ZCUS,SYNC000023
100,C000024,Synthetic Electricity Customer 024,DEMO DATA,ZA,Synthetic Municipality,GP,ZCUS,SYNC000024
100,C000025,Synthetic Electricity Customer 025,DEMO DATA,ZA,Synthetic Municipality,GP,ZCUS,SYNC000025
100,C000026,Synthetic Electricity Customer 026,DEMO DATA,ZA,Synthetic Municipality,GP,ZCUS,SYNC000026
100,C000027,Synthetic Electricity Customer 027,DEMO DATA,ZA,Synthetic Municipality,GP,ZCUS,SYNC000027
100,C000028,Synthetic Electricity Customer 028,DEMO DATA,ZA,Synthetic Municipality,GP,ZCUS,SYNC000028
100,C000029,Synthetic Electricity Customer 029,DEMO DATA,ZA,Synthetic Municipality,GP,ZCUS,SYNC000029
100,C000030,Synthetic Electricity Customer 030,DEMO DATA,ZA,Synthetic Municipality,GP,ZCUS,SYNC000030
