MANDT,KTOPL,SAKNR,XBILK,GVTYP,KTOKS
100,ESKZ,400100,,REVENUE,REVE
100,ESKZ,400200,,REVENUE,REVE
100,ESKZ,500100,,PRIMARY_ENERGY,PRIM
100,ESKZ,500200,,PRIMARY_ENERGY,PRIM
100,ESKZ,500300,,PRIMARY_ENERGY,PRIM
100,ESKZ,510100,,OPEX,OPEX
100,ESKZ,520100,,OPEX,OPEX
100,ESKZ,520200,,OPEX,OPEX
100,ESKZ,530100,,OPEX,OPEX
100,ESKZ,540100,,OPEX,OPEX
100,ESKZ,150100,X,CAPEX,CAPE
100,ESKZ,150200,X,CAPEX,CAPE
100,ESKZ,150300,X,CAPEX,CAPE
100,ESKZ,210100,X,BALANCE_SHEET,BALA
100,ESKZ,110100,X,BALANCE_SHEET,BALA
100,ESKZ,100100,X,BALANCE_SHEET,BALA
