MANDT,KOKRS,KOSTL,BUKRS,PRCTR,VERAK,KOSAR,KHINR,DATAB,DATBI
100,ESK1,CERI00101,1000,ERI001,SYNTHETIC_OWNER,1,ERI,20200101,99991231
100,ESK1,CERI00201,1000,ERI001,SYNTHETIC_OWNER,1,ERI,20200101,99991231
100,ESK1,CERI00301,1000,ERI001,SYNTHETIC_OWNER,1,ERI,20200101,99991231
100,ESK1,CERI00102,1000,ERI002,SYNTHETIC_OWNER,1,ERI,20200101,99991231
100,ESK1,CERI00202,1000,ERI002,SYNTHETIC_OWNER,1,ERI,20200101,99991231
100,ESK1,CERI00302,1000,ERI002,SYNTHETIC_OWNER,1,ERI,20200101,99991231
100,ESK1,CERI00103,1000,ERI003,SYNTHETIC_OWNER,1,ERI,20200101,99991231
100,ESK1,CERI00203,1000,ERI003,SYNTHETIC_OWNER,1,ERI,20200101,99991231
100,ESK1,CERI00303,1000,ERI003,SYNTHETIC_OWNER,1,ERI,20200101,99991231
100,ESK1,CERI00104,1000,ERI004,SYNTHETIC_OWNER,1,ERI,20200101,99991231
100,ESK1,CERI00204,1000,ERI004,SYNTHETIC_OWNER,1,ERI,20200101,99991231
100,ESK1,CERI00304,1000,ERI004,SYNTHETIC_OWNER,1,ERI,20200101,99991231
100,ESK1,CCX000101,1000,CX001,SYNTHETIC_OWNER,1,CX,20200101,99991231
100,ESK1,CCX000201,1000,CX001,SYNTHETIC_OWNER,1,CX,20200101,99991231
100,ESK1,CCX000301,1000,CX001,SYNTHETIC_OWNER,1,CX,20200101,99991231
100,ESK1,CCX000102,1000,CX002,SYNTHETIC_OWNER,1,CX,20200101,99991231
100,ESK1,CCX000202,1000,CX002,SYNTHETIC_OWNER,1,CX,20200101,99991231
100,ESK1,CCX000302,1000,CX002,SYNTHETIC_OWNER,1,CX,20200101,99991231
100,ESK1,CCX000103,1000,CX003,SYNTHETIC_OWNER,1,CX,20200101,99991231
100,ESK1,CCX000203,1000,CX003,SYNTHETIC_OWNER,1,CX,20200101,99991231
100,ESK1,CCX000303,1000,CX003,SYNTHETIC_OWNER,1,CX,20200101,99991231
100,ESK1,CCX000104,1000,CX004,SYNTHETIC_OWNER,1,CX,20200101,99991231
100,ESK1,CCX000204,1000,CX004,SYNTHETIC_OWNER,1,CX,20200101,99991231
100,ESK1,CCX000304,1000,CX004,SYNTHETIC_OWNER,1,CX,20200101,99991231
100,ESK1,CGX000101,1100,GX001,SYNTHETIC_OWNER,1,GX,20200101,99991231
100,ESK1,CGX000201,1100,GX001,SYNTHETIC_OWNER,1,GX,20200101,99991231
100,ESK1,CGX000301,1100,GX001,SYNTHETIC_OWNER,1,GX,20200101,99991231
100,ESK1,CGX000102,1100,GX002,SYNTHETIC_OWNER,1,GX,20200101,99991231
100,ESK1,CGX000202,1100,GX002,SYNTHETIC_OWNER,1,GX,20200101,99991231
100,ESK1,CGX000302,1100,GX002,SYNTHETIC_OWNER,1,GX,20200101,99991231
100,ESK1,CGX000103,1100,GX003,SYNTHETIC_OWNER,1,GX,20200101,99991231
100,ESK1,CGX000203,1100,GX003,SYNTHETIC_OWNER,1,GX,20200101,99991231
100,ESK1,CGX000303,1100,GX003,SYNTHETIC_OWNER,1,GX,20200101,99991231
100,ESK1,CGX000104,1100,GX004,SYNTHETIC_OWNER,1,GX,20200101,99991231
100,ESK1,CGX000204,1100,GX004,SYNTHETIC_OWNER,1,GX,20200101,99991231
100,ESK1,CGX000304,1100,GX004,SYNTHETIC_OWNER,1,GX,20200101,99991231
100,ESK1,CNTC00101,1200,NTC001,SYNTHETIC_OWNER,1,NTCSA,20200101,99991231
100,ESK1,CNTC00201,1200,NTC001,SYNTHETIC_OWNER,1,NTCSA,20200101,99991231
100,ESK1,CNTC00301,1200,NTC001,SYNTHETIC_OWNER,1,NTCSA,20200101,99991231
100,ESK1,CNTC00102,1200,NTC002,SYNTHETIC_OWNER,1,NTCSA,20200101,99991231
100,ESK1,CNTC00202,1200,NTC002,SYNTHETIC_OWNER,1,NTCSA,20200101,99991231
100,ESK1,CNTC00302,1200,NTC002,SYNTHETIC_OWNER,1,NTCSA,20200101,99991231
100,ESK1,CNTC00103,1200,NTC003,SYNTHETIC_OWNER,1,NTCSA,20200101,99991231
100,ESK1,CNTC00203,1200,NTC003,SYNTHETIC_OWNER,1,NTCSA,20200101,99991231
100,ESK1,CNTC00303,1200,NTC003,SYNTHETIC_OWNER,1,NTCSA,20200101,99991231
100,ESK1,CNTC00104,1200,NTC004,SYNTHETIC_OWNER,1,NTCSA,20200101,99991231
100,ESK1,CNTC00204,1200,NTC004,SYNTHETIC_OWNER,1,NTCSA,20200101,99991231
100,ESK1,CNTC00304,1200,NTC004,SYNTHETIC_OWNER,1,NTCSA,20200101,99991231
100,ESK1,CDX000101,1300,DX001,SYNTHETIC_OWNER,1,DX,20200101,99991231
100,ESK1,CDX000201,1300,DX001,SYNTHETIC_OWNER,1,DX,20200101,99991231
100,ESK1,CDX000301,1300,DX001,SYNTHETIC_OWNER,1,DX,20200101,99991231
100,ESK1,CDX000102,1300,DX002,SYNTHETIC_OWNER,1,DX,20200101,99991231
100,ESK1,CDX000202,1300,DX002,SYNTHETIC_OWNER,1,DX,20200101,99991231
100,ESK1,CDX000302,1300,DX002,SYNTHETIC_OWNER,1,DX,20200101,99991231
100,ESK1,CDX000103,1300,DX003,SYNTHETIC_OWNER,1,DX,20200101,99991231
100,ESK1,CDX000203,1300,DX003,SYNTHETIC_OWNER,1,DX,20200101,99991231
100,ESK1,CDX000303,1300,DX003,SYNTHETIC_OWNER,1,DX,20200101,99991231
100,ESK1,CDX000104,1300,DX004,SYNTHETIC_OWNER,1,DX,20200101,99991231
100,ESK1,CDX000204,1300,DX004,SYNTHETIC_OWNER,1,DX,20200101,99991231
100,ESK1,CDX000304,1300,DX004,SYNTHETIC_OWNER,1,DX,20200101,99991231
100,ESK1,CESD00101,1000,ESD001,SYNTHETIC_OWNER,1,ESDEF,20200101,99991231
100,ESK1,CESD00201,1000,ESD001,SYNTHETIC_OWNER,1,ESDEF,20200101,99991231
100,ESK1,CESD00301,1000,ESD001,SYNTHETIC_OWNER,1,ESDEF,20200101,99991231
100,ESK1,CESD00102,1000,ESD002,SYNTHETIC_OWNER,1,ESDEF,20200101,99991231
100,ESK1,CESD00202,1000,ESD002,SYNTHETIC_OWNER,1,ESDEF,20200101,99991231
100,ESK1,CESD00302,1000,ESD002,SYNTHETIC_OWNER,1,ESDEF,20200101,99991231
100,ESK1,CESD00103,1000,ESD003,SYNTHETIC_OWNER,1,ESDEF,20200101,99991231
100,ESK1,CESD00203,1000,ESD003,SYNTHETIC_OWNER,1,ESDEF,20200101,99991231
100,ESK1,CESD00303,1000,ESD003,SYNTHETIC_OWNER,1,ESDEF,20200101,99991231
100,ESK1,CESD00104,1000,ESD004,SYNTHETIC_OWNER,1,ESDEF,20200101,99991231
100,ESK1,CESD00204,1000,ESD004,SYNTHETIC_OWNER,1,ESDEF,20200101,99991231
100,ESK1,CESD00304,1000,ESD004,SYNTHETIC_OWNER,1,ESDEF,20200101,99991231
