MANDT,KOKRS,PRCTR,BUKRS,VERAK,KHINR,SEGMENT,DATAB,DATBI
100,ESK1,ERI001,1000,SYNTHETIC_OWNER,ERI,ERI,20200101,99991231
100,ESK1,ERI002,1000,SYNTHETIC_OWNER,ERI,ERI,20200101,99991231
100,ESK1,ERI003,1000,SYNTHETIC_OWNER,ERI,ERI,20200101,99991231
100,ESK1,ERI004,1000,SYNTHETIC_OWNER,ERI,ERI,20200101,99991231
100,ESK1,CX001,1000,SYNTHETIC_OWNER,CX,CX,20200101,99991231
100,ESK1,CX002,1000,SYNTHETIC_OWNER,CX,CX,20200101,99991231
100,ESK1,CX003,1000,SYNTHETIC_OWNER,CX,CX,20200101,99991231
100,ESK1,CX004,1000,SYNTHETIC_OWNER,CX,CX,20200101,99991231
100,ESK1,GX001,1100,SYNTHETIC_OWNER,GX,GX,20200101,99991231
100,ESK1,GX002,1100,SYNTHETIC_OWNER,GX,GX,20200101,99991231
100,ESK1,GX003,1100,SYNTHETIC_OWNER,GX,GX,20200101,99991231
100,ESK1,GX004,1100,SYNTHETIC_OWNER,GX,GX,20200101,99991231
100,ESK1,NTC001,1200,SYNTHETIC_OWNER,NTCSA,NTCSA,20200101,99991231
100,ESK1,NTC002,1200,SYNTHETIC_OWNER,NTCSA,NTCSA,20200101,99991231
100,ESK1,NTC003,1200,SYNTHETIC_OWNER,NTCSA,NTCSA,20200101,99991231
100,ESK1,NTC004,1200,SYNTHETIC_OWNER,NTCSA,NTCSA,20200101,99991231
100,ESK1,DX001,1300,SYNTHETIC_OWNER,DX,DX,20200101,99991231
100,ESK1,DX002,1300,SYNTHETIC_OWNER,DX,DX,20200101,99991231
100,ESK1,DX003,1300,SYNTHETIC_OWNER,DX,DX,20200101,99991231
100,ESK1,DX004,1300,SYNTHETIC_OWNER,DX,DX,20200101,99991231
100,ESK1,ESD001,1000,SYNTHETIC_OWNER,ESDEF,ESDEF,20200101,99991231
100,ESK1,ESD002,1000,SYNTHETIC_OWNER,ESDEF,ESDEF,20200101,99991231
100,ESK1,ESD003,1000,SYNTHETIC_OWNER,ESDEF,ESDEF,20200101,99991231
100,ESK1,ESD004,1000,SYNTHETIC_OWNER,ESDEF,ESDEF,20200101,99991231
